{"Fid":"dvKVFm1ETVK5wZcqdOlnMk","Status":3,"AuthToken":"eyJhbGciOiJFUzI1NiIsInR5cCI6IkpXVCJ9.eyJhcHBJZCI6IjE6MTAyMzEzMzcyODg5NDphbmRyb2lkOmYyNWE2NzFmNTE5NGUxZDYxOGQ4MmYiLCJleHAiOjE3NjczNDY1MTksImZpZCI6ImR2S1ZGbTFFVFZLNXdaY3FkT2xuTWsiLCJwcm9qZWN0TnVtYmVyIjoxMDIzMTMzNzI4ODk0fQ.AB2LPV8wRgIhAJcgK-TCwEe-aZSGsSrn3p9CQllRd8T4FBGM2DI0Ho6qAiEAqVhdknsopg1Q8fUwKue1imD7f6X43RB34ueR0aIeA_U","RefreshToken":"3_AS3qfwIb2y1FLhAFbyqErnqybqQrpaRyNPGCtc2wpZ8Sw9MKwDJxu66vBRXAEB1PrkpNtAbg6MZCjp609qYqey07CnVMuEbtqzTqyNjtxY9kqFw","TokenCreationEpochInSecs":1766741718,"ExpiresInSecs":604800}