<?xml version='1.0' encoding='utf-8' standalone='yes' ?>
<map>
    <long name="fire-count" value="1" />
    <string name="last-used-date">2025-11-02</string>
    <long name="fire-global" value="1762091184894" />
    <set name="android-min-sdk/28 kotlin/2.1.21 fire-installations/18.0.0 device-brand/vivo fire-transport/18.2.0 fire-android/35 fire-core/21.0.0 device-name/V2428iC fire-core-ktx/21.0.0 android-installer/com.android.shell fire-fcm/24.1.1 android-platform/ device-model/V2428 android-target-sdk/35">
        <string>2025-11-02</string>
    </set>
</map>
